,Sentiment_score,Emotion,Episode,Season
rachel,0.9313,Fear,episode 01,Season-01
rachel,0.8375,Surprise,episode 02,Season-01
rachel,0.886,Surprise,episode 03,Season-01
rachel,0.958,Sad,episode 04,Season-01
rachel,0.0516,Fear,episode 05,Season-01
rachel,0.2732,Surprise,episode 06,Season-01
rachel,0.91,Fear,episode 07,Season-01
rachel,0,Surprise,episode 08,Season-01
rachel,0.6808,Surprise,episode 09,Season-01
rachel,-0.0772,Surprise,episode 10,Season-01
rachel,0.9155,Surprise,episode 11,Season-01
rachel,0.8957,Surprise,episode 12,Season-01
rachel,0.85,Fear,episode 13,Season-01
rachel,0.8271,Surprise,episode 14,Season-01
rachel,0.1531,Sad,episode 15,Season-01
rachel,0.6486,Fear,episode 16,Season-01
rachel,0.968,Happy,episode 17,Season-01
rachel,-0.4615,Fear,episode 18,Season-01
rachel,0.9917,Fear,episode 19,Season-01
rachel,0.9604,Fear,episode 20,Season-01
rachel,0.1531,Surprise,episode 21,Season-01
rachel,0.802,Surprise,episode 22,Season-01
rachel,0.9657,Surprise,episode 23,Season-01
rachel,0.9288,Sad,episode 24,Season-01
rachel,0.7506,Surprise,episode 01,Season-02
rachel,0.8834,Surprise,episode 02,Season-02
rachel,0.7269,Surprise,episode 03,Season-02
rachel,0.9761,Surprise,episode 04,Season-02
rachel,0.2023,Sad,episode 05,Season-02
rachel,0.8834,Surprise,episode 06,Season-02
rachel,0.8873,Surprise,episode 07,Season-02
rachel,0.8402,Surprise,episode 08,Season-02
rachel,0.0772,Surprise,episode 09,Season-02
rachel,-0.7115,Sad,episode 10,Season-02
rachel,0.4019,Surprise,episode 11,Season-02
rachel,0.91,Fear,episode 12,Season-02
rachel,0.8481,Surprise,episode 14,Season-02
rachel,0.8764,Surprise,episode 15,Season-02
rachel,0.7783,Surprise,episode 16,Season-02
rachel,0.6478,Surprise,episode 17,Season-02
rachel,0.9786,Surprise,episode 18,Season-02
rachel,0.8658,Surprise,episode 19,Season-02
rachel,0.9607,Surprise,episode 20,Season-02
rachel,0.4215,Surprise,episode 21,Season-02
rachel,0.9816,Surprise,episode 22,Season-02
rachel,0.8807,Surprise,episode 23,Season-02
rachel,0.7717,Surprise,episode 24,Season-02
rachel,0.2263,Surprise,episode 01,Season-03
rachel,0.8271,Surprise,episode 02,Season-03
rachel,0.3057,Fear,episode 03,Season-03
rachel,0.296,Sad,episode 04,Season-03
rachel,0.7717,Fear,episode 05,Season-03
rachel,-0.5965,Fear,episode 06,Season-03
rachel,0.4144,Sad,episode 07,Season-03
rachel,0.9702,Fear,episode 08,Season-03
rachel,0.7096,Fear,episode 09,Season-03
rachel,0.9538,Fear,episode 10,Season-03
rachel,0.9877,Fear,episode 11,Season-03
rachel,0.743,Fear,episode 12,Season-03
rachel,0.9186,Sad,episode 13,Season-03
rachel,-0.9122,Fear,episode 14,Season-03
rachel,0.0258,Sad,episode 15,Season-03
rachel,-0.4159,Surprise,episode 16,Season-03
rachel,0.1027,Fear,episode 17,Season-03
rachel,0.9648,Fear,episode 18,Season-03
rachel,0.6124,Fear,episode 19,Season-03
rachel,0.9217,Fear,episode 20,Season-03
rachel,0.886,Surprise,episode 21,Season-03
rachel,0,Surprise,episode 22,Season-03
rachel,0.8197,Surprise,episode 23,Season-03
rachel,0.9042,Surprise,episode 24,Season-03
rachel,0.9304,Sad,episode 25,Season-03
rachel,-0.9001,Surprise,episode 01,Season-04
rachel,0.9778,Sad,episode 02,Season-04
rachel,0.7506,Sad,episode 03,Season-04
rachel,0.8522,Surprise,episode 04,Season-04
rachel,0.9453,Fear,episode 05,Season-04
rachel,0.4215,Surprise,episode 06,Season-04
rachel,-0.7579,Sad,episode 07,Season-04
rachel,-0.8555,Surprise,episode 08,Season-04
rachel,0.935,Surprise,episode 09,Season-04
rachel,0.875,Sad,episode 10,Season-04
rachel,0.5423,Surprise,episode 11,Season-04
rachel,-0.5423,Fear,episode 12,Season-04
rachel,0.5892,Surprise,episode 13,Season-04
rachel,0.9693,Fear,episode 14,Season-04
rachel,-0.1442,Surprise,episode 15,Season-04
rachel,0.9833,Sad,episode 16,Season-04
rachel,0.4215,Surprise,episode 17,Season-04
rachel,0.9665,Fear,episode 18,Season-04
rachel,0.836,Fear,episode 19,Season-04
rachel,0.9714,Surprise,episode 20,Season-04
rachel,0.9752,Surprise,episode 21,Season-04
rachel,0.6427,Surprise,episode 22,Season-04
rachel,-0.9042,Sad,episode 23,Season-04
rachel,0.6429,Surprise,episode 01,Season-05
rachel,-0.9181,Surprise,episode 02,Season-05
rachel,0.8519,Sad,episode 03,Season-05
rachel,0.34,Surprise,episode 04,Season-05
rachel,0.4186,Surprise,episode 05,Season-05
rachel,-0.7976,Surprise,episode 06,Season-05
rachel,0.9565,Fear,episode 07,Season-05
rachel,0.9661,Surprise,episode 08,Season-05
rachel,-0.969,Surprise,episode 09,Season-05
rachel,0.9501,Surprise,episode 10,Season-05
rachel,0.6124,Surprise,episode 11,Season-05
rachel,0.9339,Surprise,episode 12,Season-05
rachel,0.9493,Surprise,episode 13,Season-05
rachel,0.9325,Surprise,episode 14,Season-05
rachel,0.9182,Surprise,episode 15,Season-05
rachel,0.9423,Surprise,episode 16,Season-05
rachel,-0.4939,Fear,episode 17,Season-05
rachel,0.9849,Surprise,episode 18,Season-05
rachel,0.9716,Surprise,episode 19,Season-05
rachel,-0.037,Fear,episode 20,Season-05
rachel,0.9756,Fear,episode 21,Season-05
rachel,0.705,Surprise,episode 22,Season-05
rachel,0.9638,Fear,episode 23,Season-05
rachel,-0.8166,Surprise,episode 01,Season-06
rachel,0.9663,Surprise,episode 02,Season-06
rachel,0.9774,Fear,episode 03,Season-06
rachel,0.9066,Surprise,episode 04,Season-06
rachel,-0.4521,Fear,episode 05,Season-06
rachel,-0.4201,Surprise,episode 06,Season-06
rachel,0.9485,Surprise,episode 07,Season-06
rachel,0.6808,Surprise,episode 08,Season-06
rachel,0.703,Sad,episode 09,Season-06
rachel,0.931,Surprise,episode 10,Season-06
rachel,0.3892,Surprise,episode 11,Season-06
rachel,0.969,Fear,episode 12,Season-06
rachel,0.8777,Surprise,episode 13,Season-06
rachel,0.8807,Surprise,episode 14,Season-06
rachel,0.9794,Surprise,episode 15,Season-06
rachel,0.2263,Surprise,episode 17,Season-06
rachel,0.9547,Surprise,episode 18,Season-06
rachel,0.8473,Surprise,episode 19,Season-06
rachel,-0.0258,Sad,episode 20,Season-06
rachel,0.9872,Sad,episode 21,Season-06
rachel,0.9393,Surprise,episode 22,Season-06
rachel,0.9962,Surprise,episode 23,Season-06
rachel,0.9935,Surprise,episode 24,Season-06
rachel,-0.705,Surprise,episode 01,Season-07
rachel,-0.4818,Sad,episode 02,Season-07
rachel,-0.2285,Surprise,episode 03,Season-07
rachel,0.9613,Surprise,episode 04,Season-07
rachel,0.9753,Surprise,episode 05,Season-07
rachel,0.9001,Surprise,episode 06,Season-07
rachel,0.9403,Sad,episode 07,Season-07
rachel,0.8519,Surprise,episode 08,Season-07
rachel,0.8692,Surprise,episode 09,Season-07
rachel,0.961,Fear,episode 10,Season-07
rachel,0.7408,Surprise,episode 11,Season-07
rachel,0.8658,Fear,episode 12,Season-07
rachel,0.872,Surprise,episode 13,Season-07
rachel,0.9468,Surprise,episode 14,Season-07
rachel,0.9879,Surprise,episode 15,Season-07
rachel,0.9867,Surprise,episode 16,Season-07
rachel,0.4215,Fear,episode 17,Season-07
rachel,0.7684,Surprise,episode 18,Season-07
rachel,0.9081,Fear,episode 19,Season-07
rachel,0.8811,Surprise,episode 20,Season-07
rachel,0.853,Surprise,episode 21,Season-07
rachel,0.6361,Fear,episode 22,Season-07
rachel,0.9825,Surprise,episode 23,Season-07
rachel,0.9272,Surprise,episode 01,Season-08
rachel,0.9505,Surprise,episode 02,Season-08
rachel,0.9485,Fear,episode 03,Season-08
rachel,0.9675,Surprise,episode 04,Season-08
rachel,0.831,Surprise,episode 05,Season-08
rachel,0.9556,Surprise,episode 06,Season-08
rachel,0.9372,Fear,episode 07,Season-08
rachel,0.7154,Sad,episode 08,Season-08
rachel,0.9371,Sad,episode 09,Season-08
rachel,0.9532,Fear,episode 10,Season-08
rachel,0.9803,Surprise,episode 11,Season-08
rachel,0.9556,Surprise,episode 12,Season-08
rachel,0.7003,Surprise,episode 13,Season-08
rachel,0.9442,Surprise,episode 14,Season-08
rachel,-0.8126,Surprise,episode 15,Season-08
rachel,0.9274,Surprise,episode 16,Season-08
rachel,0.1243,Sad,episode 17,Season-08
rachel,0.9868,Surprise,episode 18,Season-08
rachel,0.1602,Surprise,episode 19,Season-08
rachel,0.9725,Surprise,episode 20,Season-08
rachel,0.9716,Happy,episode 21,Season-08
rachel,0.9423,Surprise,episode 22,Season-08
rachel,-0.1372,Surprise,episode 23,Season-08
rachel,0.8519,Surprise,episode 01,Season-09
rachel,0.9699,Surprise,episode 02,Season-09
rachel,0.8519,Fear,episode 03,Season-09
rachel,0.5859,Sad,episode 04,Season-09
rachel,0.9468,Sad,episode 05,Season-09
rachel,0.9837,Fear,episode 06,Season-09
rachel,0.8689,Sad,episode 07,Season-09
rachel,-0.3197,Fear,episode 08,Season-09
rachel,0.9284,Surprise,episode 09,Season-09
rachel,0.6486,Surprise,episode 10,Season-09
rachel,0.9607,Surprise,episode 11,Season-09
rachel,0.9738,Surprise,episode 12,Season-09
rachel,-0.8316,Surprise,episode 13,Season-09
rachel,0.9287,Surprise,episode 14,Season-09
rachel,-0.0516,Happy,episode 15,Season-09
rachel,0.4144,Sad,episode 16,Season-09
rachel,0.7184,Fear,episode 17,Season-09
rachel,0.9432,Surprise,episode 18,Season-09
rachel,0.9862,Surprise,episode 19,Season-09
rachel,-0.1027,Fear,episode 20,Season-09
rachel,0.9633,Sad,episode 21,Season-09
rachel,0.9007,Surprise,episode 22,Season-09
rachel,0.7759,Surprise,episode 23,Season-09
rachel,0.9839,Surprise,episode 01,Season-10
rachel,0.3307,Surprise,episode 02,Season-10
rachel,0.9781,Sad,episode 03,Season-10
rachel,0.9627,Surprise,episode 04,Season-10
rachel,0.9906,Surprise,episode 05,Season-10
rachel,0.5106,Surprise,episode 06,Season-10
rachel,-0.0038,Surprise,episode 07,Season-10
rachel,0.5423,Sad,episode 08,Season-10
rachel,0.9868,Surprise,episode 09,Season-10
rachel,0.9169,Fear,episode 10,Season-10
rachel,0.9598,Surprise,episode 11,Season-10
rachel,0.9354,Sad,episode 12,Season-10
rachel,0.9708,Surprise,episode 13,Season-10
rachel,0.9893,Fear,episode 14,Season-10
rachel,0.9559,Fear,episode 15,Season-10
monica,0.9756,Surprise,episode 01,Season-01
monica,0.3948,Fear,episode 02,Season-01
monica,0.9424,Surprise,episode 03,Season-01
monica,0.9842,Surprise,episode 04,Season-01
monica,0.8934,Surprise,episode 05,Season-01
monica,0.25,Fear,episode 06,Season-01
monica,0.296,Surprise,episode 07,Season-01
monica,0.7717,Surprise,episode 08,Season-01
monica,0.7269,Sad,episode 09,Season-01
monica,0.5423,Surprise,episode 10,Season-01
monica,0.9293,Surprise,episode 11,Season-01
monica,0.6712,Fear,episode 12,Season-01
monica,0.4588,Surprise,episode 13,Season-01
monica,0.6908,Surprise,episode 14,Season-01
monica,0.986,Fear,episode 15,Season-01
monica,0,Fear,episode 16,Season-01
monica,-0.9008,Sad,episode 17,Season-01
monica,0.9001,Sad,episode 18,Season-01
monica,0.9578,Surprise,episode 19,Season-01
monica,0.7906,Surprise,episode 20,Season-01
monica,0.2516,Surprise,episode 21,Season-01
monica,0.8442,Surprise,episode 22,Season-01
monica,0.8481,Sad,episode 23,Season-01
monica,0.9621,Surprise,episode 24,Season-01
monica,0.3729,Surprise,episode 01,Season-02
monica,0.5594,Surprise,episode 02,Season-02
monica,0.8696,Surprise,episode 03,Season-02
monica,-0.5423,Sad,episode 04,Season-02
monica,0.8689,Fear,episode 05,Season-02
monica,0.9473,Surprise,episode 06,Season-02
monica,-0.3612,Surprise,episode 07,Season-02
monica,0.9509,Surprise,episode 08,Season-02
monica,-0.6453,Surprise,episode 09,Season-02
monica,0.296,Surprise,episode 10,Season-02
monica,0.947,Surprise,episode 11,Season-02
monica,-0.5106,Surprise,episode 12,Season-02
monica,0.5563,Surprise,episode 14,Season-02
monica,0.9201,Surprise,episode 15,Season-02
monica,0.9779,Sad,episode 16,Season-02
monica,0.7906,Sad,episode 17,Season-02
monica,0.5908,Sad,episode 18,Season-02
monica,0.7964,Surprise,episode 19,Season-02
monica,0.9521,Surprise,episode 20,Season-02
monica,0.1189,Sad,episode 21,Season-02
monica,0.9479,Fear,episode 22,Season-02
monica,0.8992,Sad,episode 23,Season-02
monica,0.8678,Surprise,episode 24,Season-02
monica,-0.6705,Surprise,episode 01,Season-03
monica,0.9712,Fear,episode 02,Season-03
monica,0.5423,Surprise,episode 03,Season-03
monica,0.4939,Surprise,episode 04,Season-03
monica,0.2298,Surprise,episode 05,Season-03
monica,0.9472,Surprise,episode 06,Season-03
monica,-0.5106,Sad,episode 07,Season-03
monica,0.7783,Surprise,episode 08,Season-03
monica,-0.3612,Surprise,episode 09,Season-03
monica,0.3744,Surprise,episode 10,Season-03
monica,0.7783,Surprise,episode 11,Season-03
monica,0.9509,Surprise,episode 12,Season-03
monica,0.9683,Surprise,episode 13,Season-03
monica,-0.5719,Surprise,episode 14,Season-03
monica,0.9317,Surprise,episode 15,Season-03
monica,0.8366,Surprise,episode 16,Season-03
monica,-0.6475,Surprise,episode 17,Season-03
monica,0.743,Fear,episode 18,Season-03
monica,0.9313,Fear,episode 19,Season-03
monica,0.1171,Fear,episode 20,Season-03
monica,0.9238,Surprise,episode 21,Season-03
monica,-0.1779,Fear,episode 22,Season-03
monica,0.8944,Surprise,episode 23,Season-03
monica,-0.6627,Surprise,episode 24,Season-03
monica,-0.1531,Fear,episode 25,Season-03
monica,0.4939,Sad,episode 01,Season-04
monica,0.9524,Fear,episode 02,Season-04
monica,0.9652,Surprise,episode 03,Season-04
monica,0.8176,Surprise,episode 04,Season-04
monica,-0.8126,Surprise,episode 05,Season-04
monica,0.9509,Fear,episode 06,Season-04
monica,0.4767,Surprise,episode 07,Season-04
monica,0.9186,Surprise,episode 08,Season-04
monica,0.9501,Fear,episode 09,Season-04
monica,0.9769,Fear,episode 10,Season-04
monica,0.868,Fear,episode 11,Season-04
monica,-0.1531,Surprise,episode 12,Season-04
monica,0.918,Surprise,episode 13,Season-04
monica,0.9038,Surprise,episode 14,Season-04
monica,-0.1779,Fear,episode 15,Season-04
monica,0.3612,Surprise,episode 16,Season-04
monica,0.9807,Fear,episode 17,Season-04
monica,-0.4588,Sad,episode 18,Season-04
monica,0.4588,Surprise,episode 19,Season-04
monica,-0.5106,Fear,episode 20,Season-04
monica,0.836,Surprise,episode 21,Season-04
monica,0.9403,Surprise,episode 22,Season-04
monica,0.9672,Fear,episode 23,Season-04
monica,0.9552,Surprise,episode 01,Season-05
monica,0.9638,Surprise,episode 02,Season-05
monica,0.9781,Surprise,episode 03,Season-05
monica,0.9627,Surprise,episode 04,Season-05
monica,0.9753,Fear,episode 05,Season-05
monica,0.9588,Fear,episode 06,Season-05
monica,0.9517,Surprise,episode 07,Season-05
monica,0.9709,Sad,episode 08,Season-05
monica,0.8066,Surprise,episode 09,Season-05
monica,0.9205,Surprise,episode 10,Season-05
monica,0.5719,Surprise,episode 11,Season-05
monica,0.5314,Surprise,episode 12,Season-05
monica,0.9409,Surprise,episode 13,Season-05
monica,0.8126,Surprise,episode 14,Season-05
monica,0.8238,Surprise,episode 15,Season-05
monica,0.128,Surprise,episode 16,Season-05
monica,0.8399,Surprise,episode 17,Season-05
monica,0.8685,Surprise,episode 18,Season-05
monica,0.9739,Sad,episode 19,Season-05
monica,0.6658,Fear,episode 20,Season-05
monica,0.8957,Sad,episode 21,Season-05
monica,0.4767,Fear,episode 22,Season-05
monica,0.9001,Fear,episode 23,Season-05
monica,-0.4588,Surprise,episode 01,Season-06
monica,-0.7363,Sad,episode 02,Season-06
monica,0.9623,Fear,episode 03,Season-06
monica,0.6908,Surprise,episode 04,Season-06
monica,0.9758,Fear,episode 05,Season-06
monica,0.4162,Surprise,episode 06,Season-06
monica,0.8555,Surprise,episode 07,Season-06
monica,0.0314,Surprise,episode 08,Season-06
monica,0.936,Surprise,episode 09,Season-06
monica,0.8187,Surprise,episode 10,Season-06
monica,0.9762,Sad,episode 11,Season-06
monica,-0.2763,Fear,episode 12,Season-06
monica,-0.9866,Sad,episode 13,Season-06
monica,-0.9518,Fear,episode 14,Season-06
monica,0.9666,Surprise,episode 15,Season-06
monica,0.9201,Surprise,episode 17,Season-06
monica,0.7579,Fear,episode 18,Season-06
monica,0.991,Surprise,episode 19,Season-06
monica,-0.5267,Sad,episode 20,Season-06
monica,0.8368,Surprise,episode 21,Season-06
monica,0.9246,Sad,episode 22,Season-06
monica,0,Angry,episode 23,Season-06
monica,0.9856,Surprise,episode 24,Season-06
monica,0.9677,Fear,episode 01,Season-07
monica,0.9627,Fear,episode 02,Season-07
monica,0.9603,Surprise,episode 03,Season-07
monica,0.8225,Surprise,episode 04,Season-07
monica,0.959,Surprise,episode 05,Season-07
monica,0.9599,Surprise,episode 06,Season-07
monica,-0.4432,Fear,episode 07,Season-07
monica,-0.34,Fear,episode 08,Season-07
monica,0.0407,Surprise,episode 09,Season-07
monica,0.3818,Fear,episode 10,Season-07
monica,0.8891,Surprise,episode 11,Season-07
monica,0.7906,Surprise,episode 12,Season-07
monica,0.5423,Surprise,episode 13,Season-07
monica,0.9553,Fear,episode 14,Season-07
monica,0.895,Surprise,episode 15,Season-07
monica,-0.4588,Surprise,episode 16,Season-07
monica,0.83,Fear,episode 17,Season-07
monica,0.959,Surprise,episode 18,Season-07
monica,0.9288,Surprise,episode 19,Season-07
monica,0.8069,Fear,episode 20,Season-07
monica,0.9465,Surprise,episode 21,Season-07
monica,0.5994,Fear,episode 22,Season-07
monica,0.9723,Surprise,episode 23,Season-07
monica,0.9698,Fear,episode 01,Season-08
monica,0.8731,Fear,episode 02,Season-08
monica,0.8402,Surprise,episode 03,Season-08
monica,0.9607,Fear,episode 04,Season-08
monica,-0.6124,Surprise,episode 05,Season-08
monica,0.9685,Surprise,episode 06,Season-08
monica,0.4767,Surprise,episode 07,Season-08
monica,-0.1531,Fear,episode 08,Season-08
monica,0.9913,Fear,episode 09,Season-08
monica,0.8891,Surprise,episode 10,Season-08
monica,-0.1027,Surprise,episode 11,Season-08
monica,-0.5267,Fear,episode 12,Season-08
monica,0.8876,Surprise,episode 13,Season-08
monica,0.0516,Fear,episode 14,Season-08
monica,0.9254,Surprise,episode 15,Season-08
monica,0.9169,Surprise,episode 16,Season-08
monica,0.4397,Surprise,episode 17,Season-08
monica,0.5423,Surprise,episode 18,Season-08
monica,0.7506,Surprise,episode 19,Season-08
monica,0.6705,Sad,episode 20,Season-08
monica,-0.9404,Sad,episode 21,Season-08
monica,0.8991,Surprise,episode 22,Season-08
monica,0.923,Surprise,episode 23,Season-08
monica,0.3818,Surprise,episode 01,Season-09
monica,0.4943,Surprise,episode 02,Season-09
monica,0.9396,Surprise,episode 03,Season-09
monica,0.5708,Surprise,episode 04,Season-09
monica,0.8492,Sad,episode 05,Season-09
monica,0.975,Surprise,episode 06,Season-09
monica,-0.6808,Fear,episode 07,Season-09
monica,0.9618,Surprise,episode 08,Season-09
monica,0.8356,Surprise,episode 09,Season-09
monica,0.9025,Surprise,episode 10,Season-09
monica,0.8912,Sad,episode 11,Season-09
monica,0.9565,Happy,episode 12,Season-09
monica,0.9197,Surprise,episode 13,Season-09
monica,-0.0772,Surprise,episode 14,Season-09
monica,0.0665,Surprise,episode 15,Season-09
monica,0.576,Fear,episode 16,Season-09
monica,0.1477,Fear,episode 17,Season-09
monica,0.9652,Surprise,episode 18,Season-09
monica,0.6786,Surprise,episode 19,Season-09
monica,-0.7003,Surprise,episode 20,Season-09
monica,0.9712,Surprise,episode 21,Season-09
monica,0.9749,Surprise,episode 22,Season-09
monica,0.7078,Surprise,episode 23,Season-09
monica,0.7579,Surprise,episode 01,Season-10
monica,0.9694,Surprise,episode 02,Season-10
monica,-0.8658,Surprise,episode 03,Season-10
monica,0.7517,Fear,episode 04,Season-10
monica,0.8885,Surprise,episode 05,Season-10
monica,-0.926,Surprise,episode 06,Season-10
monica,0.6629,Fear,episode 07,Season-10
monica,0.8235,Sad,episode 08,Season-10
monica,0.98,Surprise,episode 09,Season-10
monica,0.9811,Surprise,episode 10,Season-10
monica,-0.7674,Surprise,episode 11,Season-10
monica,0.6051,Surprise,episode 12,Season-10
monica,0.9001,Surprise,episode 13,Season-10
monica,0.9571,Sad,episode 14,Season-10
monica,0.0397,Surprise,episode 15,Season-10
chandler,0.4588,Fear,episode 01,Season-01
chandler,-0.6124,Fear,episode 02,Season-01
chandler,0.6124,Surprise,episode 03,Season-01
chandler,0.8074,Surprise,episode 04,Season-01
chandler,0.9022,Surprise,episode 05,Season-01
chandler,0.9856,Surprise,episode 06,Season-01
chandler,0.891,Fear,episode 07,Season-01
chandler,0.9648,Surprise,episode 08,Season-01
chandler,0.9784,Surprise,episode 09,Season-01
chandler,-0.5221,Surprise,episode 10,Season-01
chandler,-0.804,Surprise,episode 11,Season-01
chandler,-0.7408,Surprise,episode 12,Season-01
chandler,0.3353,Surprise,episode 13,Season-01
chandler,0.6637,Sad,episode 14,Season-01
chandler,0.9668,Sad,episode 15,Season-01
chandler,0.8754,Fear,episode 16,Season-01
chandler,0.8481,Surprise,episode 17,Season-01
chandler,0.695,Fear,episode 18,Season-01
chandler,0.2732,Surprise,episode 19,Season-01
chandler,0.927,Surprise,episode 20,Season-01
chandler,0,Sad,episode 21,Season-01
chandler,0.9118,Fear,episode 22,Season-01
chandler,0.7717,Surprise,episode 23,Season-01
chandler,-0.5574,Fear,episode 24,Season-01
chandler,0.8316,Surprise,episode 01,Season-02
chandler,0.7783,Fear,episode 02,Season-02
chandler,0.9843,Fear,episode 03,Season-02
chandler,0.5859,Surprise,episode 04,Season-02
chandler,0.7872,Surprise,episode 05,Season-02
chandler,0.9118,Sad,episode 06,Season-02
chandler,-0.2849,Sad,episode 07,Season-02
chandler,0.8225,Sad,episode 08,Season-02
chandler,0.8119,Surprise,episode 09,Season-02
chandler,0.8326,Surprise,episode 10,Season-02
chandler,0.91,Fear,episode 11,Season-02
chandler,0.9612,Surprise,episode 12,Season-02
chandler,0.9105,Surprise,episode 14,Season-02
chandler,0.3182,Fear,episode 15,Season-02
chandler,0.6486,Sad,episode 16,Season-02
chandler,0.9601,Surprise,episode 17,Season-02
chandler,0.334,Surprise,episode 18,Season-02
chandler,-0.0296,Surprise,episode 19,Season-02
chandler,0.5256,Surprise,episode 20,Season-02
chandler,0.8335,Surprise,episode 21,Season-02
chandler,0.6908,Surprise,episode 22,Season-02
chandler,0.4522,Surprise,episode 23,Season-02
chandler,-0.5908,Surprise,episode 24,Season-02
chandler,-0.0258,Surprise,episode 01,Season-03
chandler,-0.9467,Fear,episode 02,Season-03
chandler,0.6486,Fear,episode 03,Season-03
chandler,0.3462,Sad,episode 04,Season-03
chandler,0.9413,Fear,episode 05,Season-03
chandler,0.9746,Surprise,episode 06,Season-03
chandler,0.5849,Surprise,episode 07,Season-03
chandler,-0.296,Surprise,episode 08,Season-03
chandler,0.93,Surprise,episode 09,Season-03
chandler,-0.7548,Fear,episode 10,Season-03
chandler,0.9465,Surprise,episode 11,Season-03
chandler,0.4939,Fear,episode 12,Season-03
chandler,0.7003,Surprise,episode 13,Season-03
chandler,0.9788,Surprise,episode 14,Season-03
chandler,0.6908,Fear,episode 15,Season-03
chandler,0.471,Surprise,episode 16,Season-03
chandler,-0.5867,Surprise,episode 17,Season-03
chandler,0.7429,Surprise,episode 18,Season-03
chandler,0.7759,Surprise,episode 19,Season-03
chandler,0.9642,Surprise,episode 20,Season-03
chandler,0.802,Surprise,episode 21,Season-03
chandler,0.25,Surprise,episode 22,Season-03
chandler,0.9067,Surprise,episode 23,Season-03
chandler,0.4703,Fear,episode 24,Season-03
chandler,-0.8009,Surprise,episode 25,Season-03
chandler,0.766,Surprise,episode 01,Season-04
chandler,0.4404,Surprise,episode 02,Season-04
chandler,0.9728,Surprise,episode 03,Season-04
chandler,0.7096,Sad,episode 04,Season-04
chandler,0.8498,Surprise,episode 05,Season-04
chandler,0.9871,Fear,episode 06,Season-04
chandler,-0.8762,Surprise,episode 07,Season-04
chandler,-0.5845,Sad,episode 08,Season-04
chandler,0.6436,Surprise,episode 09,Season-04
chandler,0.9502,Surprise,episode 10,Season-04
chandler,0.891,Sad,episode 11,Season-04
chandler,0.0258,Fear,episode 12,Season-04
chandler,0.296,Fear,episode 13,Season-04
chandler,-0.4588,Fear,episode 14,Season-04
chandler,0.1263,Surprise,episode 15,Season-04
chandler,-0.1779,Surprise,episode 16,Season-04
chandler,0.9871,Surprise,episode 17,Season-04
chandler,0.6557,Surprise,episode 18,Season-04
chandler,0.9746,Fear,episode 19,Season-04
chandler,0.9285,Surprise,episode 20,Season-04
chandler,0.8658,Fear,episode 21,Season-04
chandler,0.9658,Surprise,episode 22,Season-04
chandler,-0.5356,Fear,episode 23,Season-04
chandler,-0.3818,Sad,episode 01,Season-05
chandler,0.8932,Fear,episode 02,Season-05
chandler,0.8542,Surprise,episode 03,Season-05
chandler,0.9887,Surprise,episode 04,Season-05
chandler,0.3774,Surprise,episode 05,Season-05
chandler,0.4854,Surprise,episode 06,Season-05
chandler,0.4927,Sad,episode 07,Season-05
chandler,-0.4186,Sad,episode 08,Season-05
chandler,0.5106,Surprise,episode 09,Season-05
chandler,0.6948,Sad,episode 10,Season-05
chandler,0.9081,Fear,episode 11,Season-05
chandler,0.7322,Sad,episode 12,Season-05
chandler,0.6712,Surprise,episode 13,Season-05
chandler,0.8206,Surprise,episode 14,Season-05
chandler,0.9786,Surprise,episode 15,Season-05
chandler,0.2023,Surprise,episode 16,Season-05
chandler,0.9729,Surprise,episode 17,Season-05
chandler,0.9819,Sad,episode 18,Season-05
chandler,0.9874,Surprise,episode 19,Season-05
chandler,0.1027,Fear,episode 20,Season-05
chandler,0.4705,Fear,episode 21,Season-05
chandler,0.6908,Fear,episode 22,Season-05
chandler,0.8807,Sad,episode 23,Season-05
chandler,0.9639,Fear,episode 01,Season-06
chandler,0.3182,Surprise,episode 02,Season-06
chandler,0.9716,Fear,episode 03,Season-06
chandler,0.5279,Fear,episode 04,Season-06
chandler,0.9501,Fear,episode 05,Season-06
chandler,0.8976,Fear,episode 06,Season-06
chandler,0.9716,Fear,episode 07,Season-06
chandler,0.4062,Surprise,episode 08,Season-06
chandler,0.9904,Sad,episode 09,Season-06
chandler,0.9549,Sad,episode 10,Season-06
chandler,0.9041,Surprise,episode 11,Season-06
chandler,0.9684,Surprise,episode 12,Season-06
chandler,0.9584,Surprise,episode 13,Season-06
chandler,-0.1815,Fear,episode 14,Season-06
chandler,0.9505,Surprise,episode 15,Season-06
chandler,-0.5106,Surprise,episode 17,Season-06
chandler,0.9754,Fear,episode 18,Season-06
chandler,0.9935,Surprise,episode 19,Season-06
chandler,0.9908,Fear,episode 20,Season-06
chandler,0.9253,Surprise,episode 21,Season-06
chandler,0.8658,Fear,episode 22,Season-06
chandler,0.9829,Fear,episode 23,Season-06
chandler,0.9937,Surprise,episode 24,Season-06
chandler,0.9022,Fear,episode 01,Season-07
chandler,0.9638,Fear,episode 02,Season-07
chandler,0.8771,Fear,episode 03,Season-07
chandler,-0.6963,Sad,episode 04,Season-07
chandler,0.9042,Fear,episode 05,Season-07
chandler,0.7208,Surprise,episode 06,Season-07
chandler,0.9423,Surprise,episode 07,Season-07
chandler,-0.937,Sad,episode 08,Season-07
chandler,0.975,Fear,episode 09,Season-07
chandler,0.4295,Fear,episode 10,Season-07
chandler,-0.8744,Fear,episode 11,Season-07
chandler,0.7783,Fear,episode 12,Season-07
chandler,0.6908,Surprise,episode 13,Season-07
chandler,0.8487,Fear,episode 14,Season-07
chandler,0.8074,Surprise,episode 15,Season-07
chandler,0.9853,Surprise,episode 16,Season-07
chandler,0.9716,Fear,episode 17,Season-07
chandler,0.6249,Fear,episode 18,Season-07
chandler,0.7783,Surprise,episode 19,Season-07
chandler,0.5106,Fear,episode 20,Season-07
chandler,0.9452,Surprise,episode 21,Season-07
chandler,0.868,Fear,episode 22,Season-07
chandler,0.9362,Fear,episode 23,Season-07
chandler,0.8012,Fear,episode 01,Season-08
chandler,0.836,Fear,episode 02,Season-08
chandler,0.9413,Sad,episode 03,Season-08
chandler,0.9698,Fear,episode 04,Season-08
chandler,0.1779,Surprise,episode 05,Season-08
chandler,-0.7089,Fear,episode 06,Season-08
chandler,0.5574,Surprise,episode 07,Season-08
chandler,-0.0571,Fear,episode 08,Season-08
chandler,0.7096,Surprise,episode 09,Season-08
chandler,-0.8785,Fear,episode 10,Season-08
chandler,-0.7184,Fear,episode 11,Season-08
chandler,-0.25,Fear,episode 12,Season-08
chandler,0.8765,Fear,episode 13,Season-08
chandler,-0.5994,Surprise,episode 14,Season-08
chandler,0.9442,Surprise,episode 15,Season-08
chandler,0.9423,Surprise,episode 16,Season-08
chandler,0.7269,Surprise,episode 17,Season-08
chandler,-0.0717,Fear,episode 18,Season-08
chandler,0.8097,Surprise,episode 19,Season-08
chandler,0.6486,Sad,episode 20,Season-08
chandler,0.7003,Fear,episode 21,Season-08
chandler,0.9153,Surprise,episode 22,Season-08
chandler,0.9849,Surprise,episode 23,Season-08
chandler,-0.296,Surprise,episode 01,Season-09
chandler,0.9768,Surprise,episode 02,Season-09
chandler,0.886,Surprise,episode 03,Season-09
chandler,0.9719,Surprise,episode 04,Season-09
chandler,0.8834,Fear,episode 05,Season-09
chandler,0.9315,Surprise,episode 06,Season-09
chandler,0.9022,Fear,episode 07,Season-09
chandler,0.9423,Fear,episode 08,Season-09
chandler,0.8789,Surprise,episode 09,Season-09
chandler,0.9005,Surprise,episode 10,Season-09
chandler,0.8856,Sad,episode 11,Season-09
chandler,0.7003,Fear,episode 12,Season-09
chandler,0.7956,Surprise,episode 13,Season-09
chandler,0.9493,Surprise,episode 14,Season-09
chandler,0.8694,Surprise,episode 15,Season-09
chandler,0.8555,Fear,episode 16,Season-09
chandler,0.9617,Fear,episode 17,Season-09
chandler,0.8586,Fear,episode 18,Season-09
chandler,0.5849,Fear,episode 19,Season-09
chandler,0.8885,Sad,episode 20,Season-09
chandler,-0.8136,Surprise,episode 21,Season-09
chandler,0.9794,Fear,episode 22,Season-09
chandler,0.986,Fear,episode 23,Season-09
chandler,0.0954,Surprise,episode 01,Season-10
chandler,0.9337,Sad,episode 02,Season-10
chandler,0.8012,Fear,episode 03,Season-10
chandler,0.5729,Surprise,episode 04,Season-10
chandler,0.9607,Surprise,episode 05,Season-10
chandler,-0.9201,Surprise,episode 06,Season-10
chandler,0.7645,Surprise,episode 07,Season-10
chandler,0.8698,Sad,episode 08,Season-10
chandler,0.9432,Fear,episode 09,Season-10
chandler,0.981,Surprise,episode 10,Season-10
chandler,0.3102,Surprise,episode 11,Season-10
chandler,0.8639,Sad,episode 12,Season-10
chandler,0.8957,Surprise,episode 13,Season-10
chandler,0.4666,Surprise,episode 14,Season-10
chandler,0.765,Surprise,episode 15,Season-10
phoebe,0.6705,Surprise,episode 01,Season-01
phoebe,0.7184,Fear,episode 02,Season-01
phoebe,0.9617,Fear,episode 03,Season-01
phoebe,0.669,Surprise,episode 04,Season-01
phoebe,0.9723,Surprise,episode 05,Season-01
phoebe,0.7717,Surprise,episode 06,Season-01
phoebe,-0.9414,Sad,episode 07,Season-01
phoebe,0.9674,Surprise,episode 08,Season-01
phoebe,0.4754,Sad,episode 09,Season-01
phoebe,0.959,Sad,episode 10,Season-01
phoebe,0.7269,Surprise,episode 11,Season-01
phoebe,0.9633,Surprise,episode 12,Season-01
phoebe,0.9763,Surprise,episode 13,Season-01
phoebe,0.2534,Fear,episode 14,Season-01
phoebe,0.9774,Surprise,episode 15,Season-01
phoebe,0.9371,Surprise,episode 16,Season-01
phoebe,0.128,Surprise,episode 17,Season-01
phoebe,0.7906,Surprise,episode 18,Season-01
phoebe,-0.046,Surprise,episode 19,Season-01
phoebe,0.4404,Surprise,episode 20,Season-01
phoebe,-0.6486,Surprise,episode 21,Season-01
phoebe,0.9611,Fear,episode 22,Season-01
phoebe,0.9255,Sad,episode 23,Season-01
phoebe,0.926,Surprise,episode 24,Season-01
phoebe,0.9774,Fear,episode 01,Season-02
phoebe,-0.5423,Surprise,episode 02,Season-02
phoebe,0.8887,Sad,episode 03,Season-02
phoebe,0.9627,Surprise,episode 04,Season-02
phoebe,0.4939,Surprise,episode 05,Season-02
phoebe,0.9062,Sad,episode 06,Season-02
phoebe,0.9827,Fear,episode 07,Season-02
phoebe,0.7096,Sad,episode 08,Season-02
phoebe,0.9136,Surprise,episode 09,Season-02
phoebe,0.0258,Surprise,episode 10,Season-02
phoebe,-0.4047,Fear,episode 11,Season-02
phoebe,-0.0553,Surprise,episode 12,Season-02
phoebe,0.4404,Fear,episode 14,Season-02
phoebe,0.2023,Fear,episode 15,Season-02
phoebe,0.6249,Surprise,episode 16,Season-02
phoebe,0.9732,Surprise,episode 17,Season-02
phoebe,0.9747,Surprise,episode 18,Season-02
phoebe,0.4767,Surprise,episode 19,Season-02
phoebe,0.8393,Surprise,episode 20,Season-02
phoebe,0.5839,Surprise,episode 21,Season-02
phoebe,0.9362,Surprise,episode 22,Season-02
phoebe,0.9584,Fear,episode 23,Season-02
phoebe,0.9074,Surprise,episode 24,Season-02
phoebe,0.9824,Fear,episode 01,Season-03
phoebe,0.9217,Fear,episode 02,Season-03
phoebe,0.9805,Surprise,episode 03,Season-03
phoebe,-0.7668,Surprise,episode 04,Season-03
phoebe,0.7076,Fear,episode 05,Season-03
phoebe,0.8481,Surprise,episode 06,Season-03
phoebe,0.7823,Fear,episode 07,Season-03
phoebe,0.0772,Surprise,episode 08,Season-03
phoebe,0.4588,Surprise,episode 09,Season-03
phoebe,-0.7664,Surprise,episode 10,Season-03
phoebe,-0.6705,Surprise,episode 11,Season-03
phoebe,-0.128,Surprise,episode 12,Season-03
phoebe,0.8678,Surprise,episode 13,Season-03
phoebe,0.6614,Surprise,episode 14,Season-03
phoebe,0.9571,Sad,episode 15,Season-03
phoebe,0.4927,Surprise,episode 16,Season-03
phoebe,-0.9484,Surprise,episode 17,Season-03
phoebe,0.9708,Surprise,episode 18,Season-03
phoebe,-0.1779,Surprise,episode 19,Season-03
phoebe,0.9349,Surprise,episode 20,Season-03
phoebe,0.9186,Sad,episode 21,Season-03
phoebe,0.3612,Fear,episode 22,Season-03
phoebe,0.743,Fear,episode 23,Season-03
phoebe,0.9118,Fear,episode 24,Season-03
phoebe,0.9878,Surprise,episode 25,Season-03
phoebe,0.6124,Surprise,episode 01,Season-04
phoebe,0.9001,Fear,episode 02,Season-04
phoebe,0.8809,Surprise,episode 03,Season-04
phoebe,0.7984,Surprise,episode 04,Season-04
phoebe,0.9866,Surprise,episode 05,Season-04
phoebe,0.8326,Surprise,episode 06,Season-04
phoebe,0.9529,Surprise,episode 07,Season-04
phoebe,0.4215,Fear,episode 08,Season-04
phoebe,0.6597,Fear,episode 09,Season-04
phoebe,0.4404,Surprise,episode 10,Season-04
phoebe,0.9593,Fear,episode 11,Season-04
phoebe,0.9308,Surprise,episode 12,Season-04
phoebe,0.9382,Fear,episode 13,Season-04
phoebe,0.9001,Surprise,episode 14,Season-04
phoebe,-0.6369,Surprise,episode 15,Season-04
phoebe,0.34,Fear,episode 16,Season-04
phoebe,0.9843,Fear,episode 17,Season-04
phoebe,0.9738,Fear,episode 18,Season-04
phoebe,0.9788,Surprise,episode 19,Season-04
phoebe,0.8957,Surprise,episode 20,Season-04
phoebe,0.5267,Surprise,episode 21,Season-04
phoebe,0.9552,Surprise,episode 22,Season-04
phoebe,0.9888,Surprise,episode 23,Season-04
phoebe,-0.5574,Surprise,episode 01,Season-05
phoebe,0.9062,Surprise,episode 02,Season-05
phoebe,0.658,Surprise,episode 03,Season-05
phoebe,0.9258,Fear,episode 04,Season-05
phoebe,0.3818,Surprise,episode 05,Season-05
phoebe,0.9661,Surprise,episode 06,Season-05
phoebe,0.8834,Surprise,episode 07,Season-05
phoebe,-0.9476,Fear,episode 08,Season-05
phoebe,0.8176,Surprise,episode 09,Season-05
phoebe,0.2931,Fear,episode 10,Season-05
phoebe,0.6292,Fear,episode 11,Season-05
phoebe,-0.802,Surprise,episode 12,Season-05
phoebe,-0.8593,Surprise,episode 13,Season-05
phoebe,0.9603,Surprise,episode 14,Season-05
phoebe,0.7931,Surprise,episode 15,Season-05
phoebe,0.9287,Fear,episode 16,Season-05
phoebe,0.7554,Surprise,episode 17,Season-05
phoebe,0.9201,Surprise,episode 18,Season-05
phoebe,0.7506,Fear,episode 19,Season-05
phoebe,0.7293,Sad,episode 20,Season-05
phoebe,0.9919,Sad,episode 21,Season-05
phoebe,0.4705,Fear,episode 22,Season-05
phoebe,0.3641,Surprise,episode 23,Season-05
phoebe,0.743,Fear,episode 01,Season-06
phoebe,0.966,Surprise,episode 02,Season-06
phoebe,0.2023,Surprise,episode 03,Season-06
phoebe,-0.9213,Surprise,episode 04,Season-06
phoebe,0.9706,Fear,episode 05,Season-06
phoebe,-0.0772,Surprise,episode 06,Season-06
phoebe,-0.2398,Fear,episode 07,Season-06
phoebe,0.9552,Surprise,episode 08,Season-06
phoebe,0.9337,Sad,episode 09,Season-06
phoebe,0.9584,Surprise,episode 10,Season-06
phoebe,0.9733,Surprise,episode 11,Season-06
phoebe,0.9536,Surprise,episode 12,Season-06
phoebe,0.0276,Surprise,episode 13,Season-06
phoebe,-0.4019,Surprise,episode 14,Season-06
phoebe,-0.6493,Fear,episode 15,Season-06
phoebe,0.3848,Surprise,episode 17,Season-06
phoebe,-0.7184,Surprise,episode 18,Season-06
phoebe,0.9808,Fear,episode 19,Season-06
phoebe,0.9451,Happy,episode 20,Season-06
phoebe,0.8934,Surprise,episode 21,Season-06
phoebe,0.9136,Fear,episode 22,Season-06
phoebe,0.5302,Sad,episode 23,Season-06
phoebe,0.8197,Fear,episode 24,Season-06
phoebe,0.9613,Fear,episode 01,Season-07
phoebe,0.5719,Surprise,episode 02,Season-07
phoebe,0.8625,Fear,episode 03,Season-07
phoebe,0.4588,Surprise,episode 04,Season-07
phoebe,-0.315,Fear,episode 05,Season-07
phoebe,0.9712,Surprise,episode 06,Season-07
phoebe,0.765,Surprise,episode 07,Season-07
phoebe,0.4767,Fear,episode 08,Season-07
phoebe,0.2023,Surprise,episode 09,Season-07
phoebe,0.9607,Surprise,episode 10,Season-07
phoebe,0.9732,Surprise,episode 11,Season-07
phoebe,0.7783,Surprise,episode 12,Season-07
phoebe,0.3182,Fear,episode 13,Season-07
phoebe,0.6369,Surprise,episode 14,Season-07
phoebe,0.9432,Happy,episode 15,Season-07
phoebe,0.9245,Surprise,episode 16,Season-07
phoebe,0.4019,Surprise,episode 17,Season-07
phoebe,0.9297,Surprise,episode 18,Season-07
phoebe,0.8506,Fear,episode 19,Season-07
phoebe,0.765,Surprise,episode 20,Season-07
phoebe,0.9559,Surprise,episode 21,Season-07
phoebe,0.93,Surprise,episode 22,Season-07
phoebe,-0.4215,Surprise,episode 23,Season-07
phoebe,0.6124,Surprise,episode 01,Season-08
phoebe,0.6016,Surprise,episode 02,Season-08
phoebe,0.9493,Surprise,episode 03,Season-08
phoebe,0.765,Surprise,episode 04,Season-08
phoebe,0.9684,Surprise,episode 05,Season-08
phoebe,0.975,Surprise,episode 06,Season-08
phoebe,0,Surprise,episode 07,Season-08
phoebe,-0.7351,Surprise,episode 08,Season-08
phoebe,0.9352,Surprise,episode 09,Season-08
phoebe,0.8927,Surprise,episode 10,Season-08
phoebe,0.8865,Surprise,episode 11,Season-08
phoebe,-0.296,Surprise,episode 12,Season-08
phoebe,-0.7906,Surprise,episode 13,Season-08
phoebe,0.91,Sad,episode 14,Season-08
phoebe,0.936,Fear,episode 15,Season-08
phoebe,0.6369,Surprise,episode 16,Season-08
phoebe,0.8387,Surprise,episode 17,Season-08
phoebe,0.9915,Surprise,episode 18,Season-08
phoebe,0.7269,Surprise,episode 19,Season-08
phoebe,0.9394,Sad,episode 20,Season-08
phoebe,0.9701,Surprise,episode 21,Season-08
phoebe,0.5574,Sad,episode 22,Season-08
phoebe,0.9023,Fear,episode 23,Season-08
phoebe,0.8625,Surprise,episode 01,Season-09
phoebe,0.296,Surprise,episode 02,Season-09
phoebe,0.9938,Fear,episode 03,Season-09
phoebe,0.2927,Surprise,episode 04,Season-09
phoebe,0.8815,Surprise,episode 05,Season-09
phoebe,0.943,Surprise,episode 06,Season-09
phoebe,0.9866,Surprise,episode 07,Season-09
phoebe,0.9595,Surprise,episode 08,Season-09
phoebe,-0.0772,Surprise,episode 09,Season-09
phoebe,0.9118,Surprise,episode 10,Season-09
phoebe,-0.6107,Surprise,episode 11,Season-09
phoebe,0.5994,Surprise,episode 12,Season-09
phoebe,0.9626,Happy,episode 13,Season-09
phoebe,0.9762,Surprise,episode 14,Season-09
phoebe,0.9831,Surprise,episode 15,Season-09
phoebe,0.969,Surprise,episode 16,Season-09
phoebe,0.2023,Sad,episode 17,Season-09
phoebe,0.96,Surprise,episode 18,Season-09
phoebe,0.9638,Surprise,episode 19,Season-09
phoebe,0.763,Surprise,episode 20,Season-09
phoebe,-0.5719,Sad,episode 21,Season-09
phoebe,0.9716,Fear,episode 22,Season-09
phoebe,-0.296,Fear,episode 23,Season-09
phoebe,0.9883,Surprise,episode 01,Season-10
phoebe,0.8126,Surprise,episode 02,Season-10
phoebe,0.9201,Surprise,episode 03,Season-10
phoebe,0.936,Fear,episode 04,Season-10
phoebe,-0.9202,Surprise,episode 05,Season-10
phoebe,0.5267,Surprise,episode 06,Season-10
phoebe,0.9828,Surprise,episode 07,Season-10
phoebe,0.969,Surprise,episode 08,Season-10
phoebe,0.9531,Surprise,episode 09,Season-10
phoebe,-0.7765,Fear,episode 10,Season-10
phoebe,0.3818,Surprise,episode 11,Season-10
phoebe,0.9101,Surprise,episode 12,Season-10
phoebe,-0.5818,Sad,episode 13,Season-10
phoebe,0.979,Happy,episode 14,Season-10
phoebe,0.9154,Surprise,episode 15,Season-10
joey,-0.1531,Sad,episode 01,Season-01
joey,-0.7717,Fear,episode 02,Season-01
joey,0.7159,Surprise,episode 03,Season-01
joey,-0.3758,Surprise,episode 04,Season-01
joey,0.9931,Surprise,episode 05,Season-01
joey,0.7717,Surprise,episode 06,Season-01
joey,0.5719,Surprise,episode 07,Season-01
joey,-0.7351,Surprise,episode 08,Season-01
joey,0.919,Surprise,episode 09,Season-01
joey,0.046,Surprise,episode 10,Season-01
joey,0.7906,Surprise,episode 11,Season-01
joey,0.7944,Fear,episode 12,Season-01
joey,0.9119,Fear,episode 13,Season-01
joey,-0.765,Fear,episode 14,Season-01
joey,0.7569,Fear,episode 15,Season-01
joey,0.9246,Sad,episode 16,Season-01
joey,0.3818,Fear,episode 17,Season-01
joey,0.7239,Surprise,episode 18,Season-01
joey,-0.3862,Surprise,episode 19,Season-01
joey,0.9083,Fear,episode 20,Season-01
joey,0.8271,Surprise,episode 21,Season-01
joey,0.8481,Fear,episode 22,Season-01
joey,0.34,Fear,episode 23,Season-01
joey,0.9618,Surprise,episode 24,Season-01
joey,-0.8271,Surprise,episode 01,Season-02
joey,0.9338,Surprise,episode 02,Season-02
joey,0.6908,Surprise,episode 03,Season-02
joey,0.0772,Surprise,episode 04,Season-02
joey,-0.3774,Sad,episode 05,Season-02
joey,0.9171,Fear,episode 06,Season-02
joey,0.8885,Surprise,episode 07,Season-02
joey,0.5106,Surprise,episode 08,Season-02
joey,0.9186,Surprise,episode 09,Season-02
joey,0.5467,Surprise,episode 10,Season-02
joey,-0.9349,Fear,episode 11,Season-02
joey,0.93,Surprise,episode 12,Season-02
joey,0.7931,Surprise,episode 14,Season-02
joey,-0.1531,Surprise,episode 15,Season-02
joey,0.9631,Surprise,episode 16,Season-02
joey,0.9618,Surprise,episode 17,Season-02
joey,0.9371,Surprise,episode 18,Season-02
joey,0.473,Surprise,episode 19,Season-02
joey,0.872,Surprise,episode 20,Season-02
joey,0.9167,Surprise,episode 21,Season-02
joey,0.3612,Fear,episode 22,Season-02
joey,0.9468,Surprise,episode 23,Season-02
joey,0.9022,Surprise,episode 24,Season-02
joey,0.4588,Surprise,episode 01,Season-03
joey,0.6284,Surprise,episode 02,Season-03
joey,0.9342,Fear,episode 03,Season-03
joey,0.9598,Surprise,episode 04,Season-03
joey,-0.501,Surprise,episode 05,Season-03
joey,0.8694,Fear,episode 06,Season-03
joey,0.9165,Surprise,episode 07,Season-03
joey,-0.2023,Surprise,episode 08,Season-03
joey,-0.528,Fear,episode 09,Season-03
joey,0.8516,Fear,episode 10,Season-03
joey,0.7003,Surprise,episode 11,Season-03
joey,-0.128,Surprise,episode 12,Season-03
joey,-0.2648,Surprise,episode 13,Season-03
joey,-0.5849,Surprise,episode 14,Season-03
joey,0.1494,Fear,episode 15,Season-03
joey,-0.1391,Fear,episode 16,Season-03
joey,0.8402,Surprise,episode 17,Season-03
joey,0.4215,Surprise,episode 18,Season-03
joey,0.967,Surprise,episode 19,Season-03
joey,0.9698,Surprise,episode 20,Season-03
joey,0.9313,Surprise,episode 21,Season-03
joey,0.9858,Surprise,episode 22,Season-03
joey,0.2006,Surprise,episode 23,Season-03
joey,-0.8402,Fear,episode 24,Season-03
joey,0.5574,Fear,episode 25,Season-03
joey,-0.5105,Surprise,episode 01,Season-04
joey,0.872,Surprise,episode 02,Season-04
joey,0.2263,Surprise,episode 03,Season-04
joey,0.9811,Sad,episode 04,Season-04
joey,0.7351,Surprise,episode 05,Season-04
joey,-0.4215,Fear,episode 06,Season-04
joey,0.9299,Surprise,episode 07,Season-04
joey,0.875,Surprise,episode 08,Season-04
joey,-0.6041,Fear,episode 09,Season-04
joey,0.6808,Surprise,episode 10,Season-04
joey,0.128,Fear,episode 11,Season-04
joey,-0.5859,Fear,episode 12,Season-04
joey,0.7906,Fear,episode 13,Season-04
joey,0.4939,Fear,episode 14,Season-04
joey,0.25,Surprise,episode 15,Season-04
joey,0.9299,Surprise,episode 16,Season-04
joey,0.7906,Surprise,episode 17,Season-04
joey,-0.1027,Surprise,episode 18,Season-04
joey,0.9747,Surprise,episode 19,Season-04
joey,-0.4767,Surprise,episode 20,Season-04
joey,0.0516,Surprise,episode 21,Season-04
joey,0.9911,Surprise,episode 22,Season-04
joey,0.9512,Surprise,episode 23,Season-04
joey,0.4404,Surprise,episode 01,Season-05
joey,-0.6249,Surprise,episode 02,Season-05
joey,0.9076,Fear,episode 03,Season-05
joey,0.9664,Surprise,episode 04,Season-05
joey,0.0516,Surprise,episode 05,Season-05
joey,0.9287,Sad,episode 06,Season-05
joey,0.9216,Fear,episode 07,Season-05
joey,0.9724,Surprise,episode 08,Season-05
joey,0.6124,Surprise,episode 09,Season-05
joey,0.9686,Surprise,episode 10,Season-05
joey,0.9857,Surprise,episode 11,Season-05
joey,0.4404,Sad,episode 12,Season-05
joey,0.4889,Fear,episode 13,Season-05
joey,-0.0258,Sad,episode 14,Season-05
joey,0.93,Surprise,episode 15,Season-05
joey,0.9741,Surprise,episode 16,Season-05
joey,0.8158,Fear,episode 17,Season-05
joey,0.9549,Surprise,episode 18,Season-05
joey,0.0258,Fear,episode 19,Season-05
joey,0.847,Surprise,episode 20,Season-05
joey,0.8059,Surprise,episode 21,Season-05
joey,-0.8126,Surprise,episode 22,Season-05
joey,0.879,Fear,episode 23,Season-05
joey,0.8271,Fear,episode 01,Season-06
joey,0.2023,Surprise,episode 02,Season-06
joey,0.9805,Surprise,episode 03,Season-06
joey,0.6705,Surprise,episode 04,Season-06
joey,0.9514,Fear,episode 05,Season-06
joey,0.9638,Surprise,episode 06,Season-06
joey,0.9661,Surprise,episode 07,Season-06
joey,0.9705,Surprise,episode 08,Season-06
joey,0.836,Sad,episode 09,Season-06
joey,0.9789,Surprise,episode 10,Season-06
joey,0.8183,Surprise,episode 11,Season-06
joey,0.9903,Fear,episode 12,Season-06
joey,0.9836,Happy,episode 13,Season-06
joey,-0.7712,Surprise,episode 14,Season-06
joey,0.9954,Surprise,episode 15,Season-06
joey,0.2263,Surprise,episode 17,Season-06
joey,0.9246,Surprise,episode 18,Season-06
joey,0.3818,Surprise,episode 19,Season-06
joey,0.7859,Fear,episode 20,Season-06
joey,0.8428,Fear,episode 21,Season-06
joey,0.8658,Surprise,episode 22,Season-06
joey,0.8481,Surprise,episode 23,Season-06
joey,0.8487,Surprise,episode 24,Season-06
joey,0.7741,Surprise,episode 01,Season-07
joey,-0.9004,Sad,episode 02,Season-07
joey,0.9532,Surprise,episode 03,Season-07
joey,0.919,Surprise,episode 04,Season-07
joey,0.9698,Surprise,episode 05,Season-07
joey,0.9733,Surprise,episode 06,Season-07
joey,0.9868,Surprise,episode 07,Season-07
joey,-0.4404,Sad,episode 08,Season-07
joey,0.3729,Surprise,episode 09,Season-07
joey,0,Surprise,episode 10,Season-07
joey,-0.7717,Surprise,episode 11,Season-07
joey,-0.3612,Fear,episode 12,Season-07
joey,-0.2023,Surprise,episode 13,Season-07
joey,0.6087,Surprise,episode 14,Season-07
joey,0.9833,Fear,episode 15,Season-07
joey,0.9861,Surprise,episode 16,Season-07
joey,0.9634,Surprise,episode 17,Season-07
joey,0.9509,Fear,episode 18,Season-07
joey,0.9871,Surprise,episode 19,Season-07
joey,0.9254,Surprise,episode 20,Season-07
joey,0.8519,Surprise,episode 21,Season-07
joey,0.9287,Surprise,episode 22,Season-07
joey,0.6743,Surprise,episode 23,Season-07
joey,0.9083,Surprise,episode 01,Season-08
joey,-0.4019,Surprise,episode 02,Season-08
joey,0.2732,Surprise,episode 03,Season-08
joey,0.9898,Fear,episode 04,Season-08
joey,0.8957,Surprise,episode 05,Season-08
joey,-0.946,Fear,episode 06,Season-08
joey,0.9393,Surprise,episode 07,Season-08
joey,0.128,Fear,episode 08,Season-08
joey,0.2732,Fear,episode 09,Season-08
joey,0.9685,Fear,episode 10,Season-08
joey,-0.6808,Fear,episode 11,Season-08
joey,0.9771,Surprise,episode 12,Season-08
joey,-0.2516,Fear,episode 13,Season-08
joey,0.976,Surprise,episode 14,Season-08
joey,0.9729,Surprise,episode 15,Season-08
joey,0.9538,Surprise,episode 16,Season-08
joey,-0.5267,Surprise,episode 17,Season-08
joey,-0.0772,Surprise,episode 18,Season-08
joey,0.9911,Surprise,episode 19,Season-08
joey,0.9655,Fear,episode 20,Season-08
joey,-0.128,Surprise,episode 21,Season-08
joey,-0.6124,Surprise,episode 22,Season-08
joey,0.8402,Fear,episode 23,Season-08
joey,-0.6865,Surprise,episode 01,Season-09
joey,0.4718,Surprise,episode 02,Season-09
joey,0.9538,Surprise,episode 03,Season-09
joey,0.6809,Surprise,episode 04,Season-09
joey,0.946,Fear,episode 05,Season-09
joey,0.8242,Surprise,episode 06,Season-09
joey,0.8885,Surprise,episode 07,Season-09
joey,0.9633,Surprise,episode 08,Season-09
joey,-0.5719,Surprise,episode 09,Season-09
joey,0.802,Surprise,episode 10,Season-09
joey,0.9607,Sad,episode 11,Season-09
joey,0.9723,Surprise,episode 12,Season-09
joey,0.8442,Surprise,episode 13,Season-09
joey,0.9657,Surprise,episode 14,Season-09
joey,0.9899,Surprise,episode 15,Season-09
joey,-0.891,Fear,episode 16,Season-09
joey,0.9434,Surprise,episode 17,Season-09
joey,0.8555,Surprise,episode 18,Season-09
joey,0.9854,Surprise,episode 19,Season-09
joey,0.9589,Surprise,episode 20,Season-09
joey,0.7867,Surprise,episode 21,Season-09
joey,0.9538,Happy,episode 22,Season-09
joey,0.8787,Surprise,episode 23,Season-09
joey,0.9387,Surprise,episode 01,Season-10
joey,0.976,Surprise,episode 02,Season-10
joey,0.7787,Surprise,episode 03,Season-10
joey,0.9686,Surprise,episode 04,Season-10
joey,0.9929,Surprise,episode 05,Season-10
joey,0.7906,Surprise,episode 06,Season-10
joey,0.9594,Surprise,episode 07,Season-10
joey,0.9307,Sad,episode 08,Season-10
joey,0.9785,Surprise,episode 09,Season-10
joey,-0.7845,Surprise,episode 10,Season-10
joey,0.7402,Surprise,episode 11,Season-10
joey,0.9574,Fear,episode 12,Season-10
joey,0.8442,Surprise,episode 13,Season-10
joey,0.9422,Surprise,episode 14,Season-10
joey,0.9017,Surprise,episode 15,Season-10
ross,0.9333,Fear,episode 01,Season-01
ross,0.9814,Surprise,episode 02,Season-01
ross,0.7351,Surprise,episode 03,Season-01
ross,0.959,Surprise,episode 04,Season-01
ross,0.9545,Surprise,episode 05,Season-01
ross,0.8658,Fear,episode 06,Season-01
ross,0.3356,Surprise,episode 07,Season-01
ross,0.9624,Fear,episode 08,Season-01
ross,-0.9022,Surprise,episode 09,Season-01
ross,0.7267,Sad,episode 10,Season-01
ross,0.296,Surprise,episode 11,Season-01
ross,0.9855,Surprise,episode 12,Season-01
ross,-0.7997,Sad,episode 13,Season-01
ross,0.9735,Fear,episode 14,Season-01
ross,0.8176,Fear,episode 15,Season-01
ross,0.4588,Fear,episode 16,Season-01
ross,0.5423,Surprise,episode 17,Season-01
ross,0.9817,Sad,episode 18,Season-01
ross,0.6124,Surprise,episode 19,Season-01
ross,-0.7506,Sad,episode 20,Season-01
ross,-0.6653,Surprise,episode 21,Season-01
ross,0.8838,Fear,episode 22,Season-01
ross,0.9633,Fear,episode 23,Season-01
ross,0.8484,Fear,episode 24,Season-01
ross,0.9858,Surprise,episode 01,Season-02
ross,0.8225,Happy,episode 02,Season-02
ross,0.7003,Fear,episode 03,Season-02
ross,0.939,Surprise,episode 04,Season-02
ross,0.9472,Surprise,episode 05,Season-02
ross,-0.6597,Sad,episode 06,Season-02
ross,0.967,Surprise,episode 07,Season-02
ross,0.8207,Fear,episode 08,Season-02
ross,0.6335,Surprise,episode 09,Season-02
ross,0.6249,Happy,episode 10,Season-02
ross,0.9618,Happy,episode 11,Season-02
ross,0.7506,Sad,episode 12,Season-02
ross,0.4204,Surprise,episode 14,Season-02
ross,0.9696,Surprise,episode 15,Season-02
ross,-0.5859,Surprise,episode 16,Season-02
ross,-0.4019,Fear,episode 17,Season-02
ross,0.8265,Surprise,episode 18,Season-02
ross,0.1779,Surprise,episode 19,Season-02
ross,0.9841,Surprise,episode 20,Season-02
ross,0.8689,Surprise,episode 21,Season-02
ross,0.5423,Sad,episode 22,Season-02
ross,-0.0516,Fear,episode 23,Season-02
ross,0.5616,Happy,episode 24,Season-02
ross,0.9313,Fear,episode 01,Season-03
ross,0.8387,Surprise,episode 02,Season-03
ross,-0.1779,Surprise,episode 03,Season-03
ross,0.1779,Fear,episode 04,Season-03
ross,0.8979,Surprise,episode 05,Season-03
ross,0.464,Surprise,episode 06,Season-03
ross,0.9493,Sad,episode 07,Season-03
ross,0.9525,Fear,episode 08,Season-03
ross,-0.1531,Surprise,episode 09,Season-03
ross,0.9729,Fear,episode 10,Season-03
ross,0.9731,Surprise,episode 11,Season-03
ross,0.2023,Surprise,episode 12,Season-03
ross,0.4939,Sad,episode 13,Season-03
ross,0.9542,Surprise,episode 14,Season-03
ross,0.5778,Surprise,episode 15,Season-03
ross,-0.8996,Sad,episode 16,Season-03
ross,0.9735,Surprise,episode 17,Season-03
ross,-0.6486,Surprise,episode 18,Season-03
ross,-0.0772,Surprise,episode 19,Season-03
ross,0.6249,Surprise,episode 20,Season-03
ross,0.8807,Surprise,episode 21,Season-03
ross,-0.1779,Surprise,episode 22,Season-03
ross,0.1877,Surprise,episode 23,Season-03
ross,0.6808,Fear,episode 24,Season-03
ross,0.9585,Surprise,episode 25,Season-03
ross,0.0258,Surprise,episode 01,Season-04
ross,0.1599,Fear,episode 02,Season-04
ross,0.4019,Surprise,episode 03,Season-04
ross,0.9422,Happy,episode 04,Season-04
ross,0.9133,Fear,episode 05,Season-04
ross,0.8962,Fear,episode 06,Season-04
ross,0.8965,Fear,episode 07,Season-04
ross,-0.7974,Surprise,episode 08,Season-04
ross,0.7184,Surprise,episode 09,Season-04
ross,0.9888,Surprise,episode 10,Season-04
ross,0.8176,Fear,episode 11,Season-04
ross,0.9657,Fear,episode 12,Season-04
ross,0.9432,Surprise,episode 13,Season-04
ross,0.7964,Fear,episode 14,Season-04
ross,0.9915,Surprise,episode 15,Season-04
ross,0.6808,Surprise,episode 16,Season-04
ross,0.9143,Surprise,episode 17,Season-04
ross,0.9485,Surprise,episode 18,Season-04
ross,0.947,Fear,episode 19,Season-04
ross,0.9001,Surprise,episode 20,Season-04
ross,0.9618,Surprise,episode 21,Season-04
ross,0.988,Surprise,episode 22,Season-04
ross,0.9371,Surprise,episode 23,Season-04
ross,0.6705,Surprise,episode 01,Season-05
ross,-0.802,Surprise,episode 02,Season-05
ross,0.7579,Fear,episode 03,Season-05
ross,0.9565,Surprise,episode 04,Season-05
ross,0.6705,Surprise,episode 05,Season-05
ross,0.9788,Surprise,episode 06,Season-05
ross,0.701,Fear,episode 07,Season-05
ross,0.1027,Fear,episode 08,Season-05
ross,0.9153,Fear,episode 09,Season-05
ross,0.9432,Surprise,episode 10,Season-05
ross,0.9623,Surprise,episode 11,Season-05
ross,0.93,Fear,episode 12,Season-05
ross,-0.5574,Fear,episode 13,Season-05
ross,0.9902,Fear,episode 14,Season-05
ross,0.9048,Sad,episode 15,Season-05
ross,0.9761,Fear,episode 16,Season-05
ross,0.5879,Fear,episode 17,Season-05
ross,0.8834,Surprise,episode 18,Season-05
ross,0.9593,Surprise,episode 19,Season-05
ross,0.9498,Surprise,episode 20,Season-05
ross,0.7579,Surprise,episode 21,Season-05
ross,-0.9086,Surprise,episode 22,Season-05
ross,0.2732,Surprise,episode 23,Season-05
ross,0.6613,Surprise,episode 01,Season-06
ross,-0.1139,Surprise,episode 02,Season-06
ross,0.9517,Fear,episode 03,Season-06
ross,0.9666,Fear,episode 04,Season-06
ross,0.902,Fear,episode 05,Season-06
ross,-0.5719,Surprise,episode 06,Season-06
ross,0.6124,Surprise,episode 07,Season-06
ross,0.7017,Surprise,episode 08,Season-06
ross,0.8968,Surprise,episode 09,Season-06
ross,0.1779,Surprise,episode 10,Season-06
ross,0.7783,Surprise,episode 11,Season-06
ross,0.7003,Fear,episode 12,Season-06
ross,0.8773,Surprise,episode 13,Season-06
ross,0.981,Surprise,episode 14,Season-06
ross,0.9681,Surprise,episode 15,Season-06
ross,0.8957,Surprise,episode 17,Season-06
ross,0.4767,Surprise,episode 18,Season-06
ross,0.9825,Surprise,episode 19,Season-06
ross,-0.296,Surprise,episode 20,Season-06
ross,0.9325,Surprise,episode 21,Season-06
ross,0.9748,Surprise,episode 22,Season-06
ross,-0.7102,Surprise,episode 23,Season-06
ross,0.9843,Surprise,episode 24,Season-06
ross,0.9664,Surprise,episode 01,Season-07
ross,-0.4404,Surprise,episode 02,Season-07
ross,0.9452,Fear,episode 03,Season-07
ross,0.9678,Fear,episode 04,Season-07
ross,0.7801,Sad,episode 05,Season-07
ross,0.9522,Surprise,episode 06,Season-07
ross,0.6597,Fear,episode 07,Season-07
ross,-0.6124,Surprise,episode 08,Season-07
ross,0.9467,Sad,episode 09,Season-07
ross,0.8278,Surprise,episode 10,Season-07
ross,0.934,Surprise,episode 11,Season-07
ross,0.9062,Surprise,episode 12,Season-07
ross,-0.3182,Surprise,episode 13,Season-07
ross,0.8756,Surprise,episode 14,Season-07
ross,0.3804,Fear,episode 15,Season-07
ross,0.9555,Surprise,episode 16,Season-07
ross,0.9785,Surprise,episode 17,Season-07
ross,0.6765,Fear,episode 18,Season-07
ross,0.2992,Surprise,episode 19,Season-07
ross,0.8271,Surprise,episode 20,Season-07
ross,0.9224,Happy,episode 21,Season-07
ross,-0.6411,Surprise,episode 22,Season-07
ross,0.9745,Fear,episode 23,Season-07
ross,0.9412,Surprise,episode 01,Season-08
ross,-0.765,Surprise,episode 02,Season-08
ross,0.9845,Surprise,episode 03,Season-08
ross,0.9775,Surprise,episode 04,Season-08
ross,0.907,Surprise,episode 05,Season-08
ross,-0.3008,Surprise,episode 06,Season-08
ross,0.2263,Fear,episode 07,Season-08
ross,0.9045,Sad,episode 08,Season-08
ross,0.8761,Surprise,episode 09,Season-08
ross,-0.2795,Surprise,episode 10,Season-08
ross,0.9729,Surprise,episode 11,Season-08
ross,0.8097,Sad,episode 12,Season-08
ross,0.957,Surprise,episode 13,Season-08
ross,0.9723,Surprise,episode 14,Season-08
ross,0.9845,Surprise,episode 15,Season-08
ross,0.128,Surprise,episode 16,Season-08
ross,0.6908,Sad,episode 17,Season-08
ross,0.9823,Surprise,episode 18,Season-08
ross,0.9486,Happy,episode 19,Season-08
ross,0.9801,Surprise,episode 20,Season-08
ross,0.8137,Surprise,episode 21,Season-08
ross,0.6908,Surprise,episode 22,Season-08
ross,0.9897,Surprise,episode 23,Season-08
ross,0.1157,Surprise,episode 01,Season-09
ross,0.8365,Surprise,episode 02,Season-09
ross,0.945,Surprise,episode 03,Season-09
ross,0.9442,Sad,episode 04,Season-09
ross,0.9312,Surprise,episode 05,Season-09
ross,0.7222,Surprise,episode 06,Season-09
ross,0,Surprise,episode 07,Season-09
ross,0.9652,Fear,episode 08,Season-09
ross,0.955,Fear,episode 09,Season-09
ross,-0.0772,Surprise,episode 10,Season-09
ross,0.5719,Fear,episode 11,Season-09
ross,0.7713,Fear,episode 12,Season-09
ross,0.9799,Fear,episode 13,Season-09
ross,-0.9062,Surprise,episode 14,Season-09
ross,0.8922,Surprise,episode 15,Season-09
ross,0.9806,Happy,episode 16,Season-09
ross,-0.9623,Fear,episode 17,Season-09
ross,0.9782,Fear,episode 18,Season-09
ross,0.9275,Sad,episode 19,Season-09
ross,0.9623,Fear,episode 20,Season-09
ross,0.9062,Surprise,episode 21,Season-09
ross,0.7425,Surprise,episode 22,Season-09
ross,0.9586,Surprise,episode 23,Season-09
ross,0.9862,Surprise,episode 01,Season-10
ross,0.9894,Surprise,episode 02,Season-10
ross,-0.6597,Surprise,episode 03,Season-10
ross,0.9272,Surprise,episode 04,Season-10
ross,-0.6808,Surprise,episode 05,Season-10
ross,-0.5657,Fear,episode 06,Season-10
ross,0.9694,Surprise,episode 07,Season-10
ross,0.1027,Surprise,episode 08,Season-10
ross,0.9312,Surprise,episode 09,Season-10
ross,0.9618,Surprise,episode 10,Season-10
ross,0.5552,Surprise,episode 11,Season-10
ross,-0.7003,Fear,episode 12,Season-10
ross,0.9812,Surprise,episode 13,Season-10
ross,0.9845,Fear,episode 14,Season-10
ross,0.9797,Fear,episode 15,Season-10
rachel,0.91,Fear,episode 13,Season-02
rachel,-0.9042,Sad,episode 24,Season-04
rachel,0.9638,Fear,episode 24,Season-05
rachel,0.9794,Surprise,episode 16,Season-06
rachel,0.9935,Surprise,episode 25,Season-06
rachel,0.9825,Surprise,episode 24,Season-07
rachel,-0.1372,Surprise,episode 24,Season-08
rachel,0.7759,Surprise,episode 24,Season-09
monica,-0.5106,Surprise,episode 13,Season-02
monica,0.9672,Fear,episode 24,Season-04
monica,0.9001,Fear,episode 24,Season-05
monica,0.9666,Surprise,episode 16,Season-06
monica,0.9856,Surprise,episode 25,Season-06
monica,0.9723,Surprise,episode 24,Season-07
monica,0.923,Surprise,episode 24,Season-08
monica,0.7078,Surprise,episode 24,Season-09
chandler,0.9612,Surprise,episode 13,Season-02
chandler,-0.5356,Fear,episode 24,Season-04
chandler,0.8807,Sad,episode 24,Season-05
chandler,0.9505,Surprise,episode 16,Season-06
chandler,0.9937,Surprise,episode 25,Season-06
chandler,0.9362,Fear,episode 24,Season-07
chandler,0.9849,Surprise,episode 24,Season-08
chandler,0.986,Fear,episode 24,Season-09
phoebe,-0.0553,Surprise,episode 13,Season-02
phoebe,0.9888,Surprise,episode 24,Season-04
phoebe,0.3641,Surprise,episode 24,Season-05
phoebe,-0.6493,Fear,episode 16,Season-06
phoebe,0.8197,Fear,episode 25,Season-06
phoebe,-0.4215,Surprise,episode 24,Season-07
phoebe,0.9023,Fear,episode 24,Season-08
phoebe,-0.296,Fear,episode 24,Season-09
joey,0.93,Surprise,episode 13,Season-02
joey,0.9512,Surprise,episode 24,Season-04
joey,0.879,Fear,episode 24,Season-05
joey,0.9954,Surprise,episode 16,Season-06
joey,0.8487,Surprise,episode 25,Season-06
joey,0.6743,Surprise,episode 24,Season-07
joey,0.8402,Fear,episode 24,Season-08
joey,0.8787,Surprise,episode 24,Season-09
ross,0.7506,Sad,episode 13,Season-02
ross,0.9371,Surprise,episode 24,Season-04
ross,0.2732,Surprise,episode 24,Season-05
ross,0.9681,Surprise,episode 16,Season-06
ross,0.9843,Surprise,episode 25,Season-06
ross,0.9745,Fear,episode 24,Season-07
ross,0.9897,Surprise,episode 24,Season-08
ross,0.9586,Surprise,episode 24,Season-09
